link,axon_link
,
,
,
https://hsdes.intel.com/appstore/article/#/16018985620,https://axon.intel.com/app/view/e656b700-798c-fc35-22aa-c00790793e7a
https://hsdes.intel.com/appstore/article/#/22016237104,https://axon.intel.com/app/view/ac88f0c3-3105-77dd-b934-b0e0946bc982
https://hsdes.intel.com/appstore/article/#/22016237104,https://axon.intel.com/app/view/1e9c4da9-0425-e67c-e8c1-fd0575eb9e8a
,
https://hsdes.intel.com/appstore/article/#/22016237104,https://axon.intel.com/app/view/6b1dd2a0-ad9e-a9e5-3f32-ef56f10ab95b
https://hsdes.intel.com/appstore/article/#/16018985620,https://axon.intel.com/app/view/7bd382de-1d84-0b72-cbdf-2b6a8830c93f
https://hsdes.intel.com/appstore/article/#/16018985620,https://axon.intel.com/app/view/5a634cbb-35af-d59b-6bb3-03e52f027bf6
,
,
https://hsdes.intel.com/appstore/article/#/16019395382,https://axon.intel.com/app/view/8243f2f9-de5b-0e14-46cb-556f63945c2c
,
,
,
https://hsdes.intel.com/appstore/article/#/14018619499,https://axon.intel.com/app/view/ebfc033d-6781-2cd3-49fb-3ff7e22c987b
https://hsdes.intel.com/appstore/article/#/22016633658,https://axon.intel.com/app/view/a0e5f684-b2bd-2b03-5e00-43d745f06275
https://hsdes.intel.com/appstore/article/#/14018619499,https://axon.intel.com/app/view/b9140941-c27e-6165-38ad-361323edee38
,
,
https://hsdes.intel.com/appstore/article/#/16019706697,https://axon.intel.com/app/view/e306a087-5ec9-c1cd-5939-d91d468dadf1
https://hsdes.intel.com/appstore/article/#/16019136508,https://axon.intel.com/app/view/43fd7517-52b9-2208-8acb-8e5462905587
,
https://hsdes.intel.com/appstore/article/#/14018254925,https://axon.intel.com/app/view/993acbca-4c6d-93c2-4363-187023022b93
,
,
https://hsdes.intel.com/appstore/article/#/16019136508,https://axon.intel.com/app/view/499079b3-f305-2454-69e0-642cf116eb7e
,
,
,
,
,
https://hsdes.intel.com/appstore/article/#/14018619499,https://axon.intel.com/app/view/148c176e-3bc6-aecf-e54b-bd3713280fbe
,
,
,
,
https://hsdes.intel.com/appstore/article/#/16019734632,https://axon.intel.com/app/view/ed124577-d23a-f890-75d3-3bfbdff5d03a
,
,
,
,
,
,
,
,
,
,
,
,
,
,
,
,
,
,
https://hsdes.intel.com/appstore/article/#/22016724121,https://axon.intel.com/app/view/f7d9fd89-0247-ddae-1f4e-80907618a0b6
https://hsdes.intel.com/appstore/article/#/22016962388,https://axon.intel.com/app/view/d24d593c-fa94-50fb-6f9a-d34e6a3e7b5d
,
,
https://hsdes.intel.com/appstore/article/#/16019814160,https://axon.intel.com/app/view/5f076f7e-3a39-1f43-06f5-089fb02b9f40
https://hsdes.intel.com/appstore/article/#/16019872998,https://axon.intel.com/app/view/f16255ea-468c-666a-c1bb-84ea13f03a1b
,
,
https://hsdes.intel.com/appstore/article/#/16019796439,https://axon.intel.com/app/view/8bbf833e-4329-3608-23b9-613679b77e06
https://hsdes.intel.com/appstore/article/#/22016962388,https://axon.intel.com/app/view/c19054ac-21fb-4bbc-1268-f35cd2830476
,
,
,
,
https://hsdes.intel.com/appstore/article/#/16019873032,https://axon.intel.com/app/view/bb84e5e4-b1ff-a541-3927-8301d6b9cd5d
,
https://hsdes.intel.com/appstore/article/#/16019873032,https://axon.intel.com/app/view/0c73ce7c-a8d7-f482-49b4-87fe7eccc6dd
https://hsdes.intel.com/appstore/article/#/16019873032,https://axon.intel.com/app/view/48a36858-ad93-7dcb-0169-e23a0dc96139
,
,
,
,
,
https://hsdes.intel.com/appstore/article/#/16019891834,https://axon.intel.com/app/view/b9002f4a-c084-43a3-8740-6eb165053ad5
,
https://hsdes.intel.com/appstore/article/#/16019986694,https://axon.intel.com/app/view/ece05b24-561f-4f74-b790-dd8ae25e73a4
,
https://hsdes.intel.com/appstore/article/#/15012947920,https://axon.intel.com/app/view/fe768d92-05a6-162f-05fc-fc722d3fec8b
,
,
,
,
,
https://hsdes.intel.com/appstore/article/#/16019725234,https://axon.intel.com/app/view/b0975933-0b11-473a-a4d5-3e8b63efd5e2
https://hsdes.intel.com/appstore/article/#/16019823546,https://axon.intel.com/app/view/72f02153-df9b-4157-9e07-0f37a01ba6e2
,
https://hsdes.intel.com/appstore/article/#/22016999513,https://axon.intel.com/app/view/569cc803-484c-4667-9a5f-c8ab4dd86268
,
,
https://hsdes.intel.com/appstore/article/#/22017181693,https://axon.intel.com/app/view/79f7d8cf-771e-4aac-8ce8-ce9a052d7832
https://hsdes.intel.com/appstore/article/#/16019986694,https://axon.intel.com/app/view/df9bd7b5-0cb0-41e8-88f4-66b2d1a3fa99
,
,
,
https://hsdes.intel.com/appstore/article/#/16019965588,https://axon.intel.com/app/view/acde1afc-3053-43dc-beff-0cd129e9eb33
,
,
,
,
https://hsdes.intel.com/appstore/article/#/16020017148,https://axon.intel.com/app/view/50fd40a5-3047-4e0c-a1f5-d65da35b6a19
,
,
,
,
,
,
,
,
,
,
,
,
https://hsdes.intel.com/appstore/article/#/14018731048,https://axon.intel.com/app/view/8dfdd9df-d10d-4a4e-a007-e85f550349c9
,
,
,
https://hsdes.intel.com/appstore/article/#/22017355612,https://axon.intel.com/app/view/212dc0ef-8c36-4296-88a4-5f60f622d4d7
https://hsdes.intel.com/appstore/article/#/16020173264,https://axon.intel.com/app/view/83ab4c41-58a8-4b8c-8220-b51589c0066a
,
,
,
,
https://hsdes.intel.com/appstore/article/#/22017727049,https://axon.intel.com/app/view/65246d14-89b1-4d10-8f61-ffb92c554bf6
,
,
,
https://hsdes.intel.com/appstore/article/#/16020169162,https://axon.intel.com/app/view/de99af65-3279-4137-ac13-9dd2a47802b0
,
,
,
,
,
,
https://hsdes.intel.com/appstore/article/#/16020165136,https://axon.intel.com/app/view/2ce6679c-fd8c-4da5-b29d-ce64fb992071
,
https://hsdes.intel.com/appstore/article/#/16019728475,https://axon.intel.com/app/view/d8d3cfd6-661f-449d-ac04-d25d674b8a25
,
https://hsdes.intel.com/appstore/article/#/16020169162,https://axon.intel.com/app/view/d9c2b543-a04e-0966-eebe-50e97f2707ac
,
,
,
https://hsdes.intel.com/appstore/article/#/16020173316,https://axon.intel.com/app/view/748b730e-e638-4dde-84ed-bd1f0a7a999c
https://hsdes.intel.com/appstore/article/#/16020173316,https://axon.intel.com/app/view/cd156d2d-1d16-466d-9456-4b10f5c77f08
https://hsdes.intel.com/appstore/article/#/16020169162,https://axon.intel.com/app/view/19399dcb-3894-4a11-a336-39ca827bd27d
https://hsdes.intel.com/appstore/article/#/16020169162,https://axon.intel.com/app/view/d8053fa8-41d8-43f7-bd1b-4dc0218d2a4f
,
https://hsdes.intel.com/appstore/article/#/16020169162,https://axon.intel.com/app/view/d6797836-2a31-4e17-bba0-152a944f2bf2
,
,
,
https://hsdes.intel.com/appstore/article/#/16020169162,https://axon.intel.com/app/view/b7b60961-671b-4316-b82f-d93db6ae9b85
https://hsdes.intel.com/appstore/article/#/16020134600,https://axon.intel.com/app/view/74dd8270-70ac-4f59-9659-85bb81e81764
https://hsdes.intel.com/appstore/article/#/16020177789,https://axon.intel.com/app/view/63d8468c-be23-42ae-9ebf-b2a3f85c63e3
,
https://hsdes.intel.com/appstore/article/#/16020213296,https://axon.intel.com/app/view/d61d4786-95e8-47a1-a0d3-96b3c5ae93db
,
https://hsdes.intel.com/appstore/article/#/22016467079,https://axon.intel.com/app/view/4b106a6b-6565-4955-adad-a5a4c06a7956
,
https://hsdes.intel.com/appstore/article/#/22016980270,https://axon.intel.com/app/view/020e2d7a-1fac-4129-8ae9-9fa39db52fe2
,
,
https://hsdes.intel.com/appstore/article/#/16019746682,https://axon.intel.com/app/view/9b3ce184-bf3c-4a3e-9b1f-9fc916df434e
https://hsdes.intel.com/appstore/article/#/15012947920,https://axon.intel.com/app/view/3fc135a7-15d1-42ff-bd72-d73898e7769d
https://hsdes.intel.com/appstore/article/#/16019872672,https://axon.intel.com/app/view/87cb09c2-7f2a-47d4-9da7-d87aeb243620
,
,
,
,
,
,
,
,
https://hsdes.intel.com/appstore/article/#/16020234361,https://axon.intel.com/app/view/f7b01b1a-b06c-4411-b386-fca36c75004e
https://hsdes.intel.com/appstore/article/#/16020164834,https://axon.intel.com/app/view/4dfc2c7a-1e37-438d-96e1-ce5dae7cd6a6
,
,
,
,
,
https://hsdes.intel.com/appstore/article/#/16020212878,https://axon.intel.com/app/view/011386db-2813-4f5d-b428-644a208a1af0
,
,
,
,
,
https://hsdes.intel.com/appstore/article/#/16020004666,https://axon.intel.com/app/view/32c12499-a320-4b3f-985a-9db90e2aa27d
https://hsdes.intel.com/appstore/article/#/16019932370,https://axon.intel.com/app/view/df666b4d-fc70-4fa1-8ca3-13017127e425
,
,
,
,
,
,
https://hsdes.intel.com/appstore/article/#/16020257179,https://axon.intel.com/app/view/c360f54c-b89a-413f-8e3b-9facd80a02c5
,
,
https://hsdes.intel.com/appstore/article/#/16020111726,https://axon.intel.com/app/view/90bd0653-a694-4545-ab50-8d484ec76fcd
https://hsdes.intel.com/appstore/article/#/14019089136,https://axon.intel.com/app/view/4be60930-a04b-4780-8dbc-93667c8a8831
https://hsdes.intel.com/appstore/article/#/16020294513,https://axon.intel.com/app/view/1fdd15a8-3e05-4d42-87e9-d1a82b8ec3be
https://hsdes.intel.com/appstore/article/#/22017494540,https://axon.intel.com/app/view/52dfd96a-ffcc-4478-bda2-a6ef4402b507
,
,
,
,
,
https://hsdes.intel.com/appstore/article/#/16019904021,https://axon.intel.com/app/view/5274393f-8e14-4af4-b2c1-1a40e6524f7e
https://hsdes.intel.com/appstore/article/#/22017180608,https://axon.intel.com/app/view/ff5132da-16d5-40df-b735-b004002392aa
,
,
,
,
,
,
https://hsdes.intel.com/appstore/article/#/16020014024,https://axon.intel.com/app/view/90756208-547c-467e-99fd-2a44b6140ef5
,
,
,
,
,
,
,
,
,
,
https://hsdes.intel.com/appstore/article/#/16020290582,https://axon.intel.com/app/view/221fa670-de3f-482e-aef2-11e6143851ab
,
,
,
,
,
https://hsdes.intel.com/appstore/article/#/16020368411,https://axon.intel.com/app/view/0f2578bd-c349-4e97-a64a-4b75b6416724
,
,
,
,
,
,
,
,
https://hsdes.intel.com/appstore/article/#/16019872933,https://axon.intel.com/app/view/09728d0f-5002-4b57-ac51-bdd1bfffe561
,
,
,
,
,
,
,
,
,
,
,
,
,
,
https://hsdes.intel.com/appstore/article/#/22017960033,https://axon.intel.com/app/view/f009f3e7-0d87-79c5-e246-2eda697c8cad
https://hsdes.intel.com/appstore/article/#/22017920211,https://axon.intel.com/app/view/cd5a6e9a-11c9-4a18-b50a-f8f2045daafe
,
,
,
,
,
https://hsdes.intel.com/appstore/article/#/22017958578,https://axon.intel.com/app/view/4d6a0858-ec6e-402b-8ea0-a2a549e01152
,
,
https://hsdes.intel.com/appstore/article/#/22018076942,https://axon.intel.com/app/view/9380afdc-ca73-47d7-b4ef-61ddf9b79adb
,
,
https://hsdes.intel.com/appstore/article/#/22018139682,https://axon.intel.com/app/view/8bb2144c-fcdb-478b-90c3-a45ed0e72263
,
https://hsdes.intel.com/appstore/article/#/14019272830,https://axon.intel.com/app/view/8ee23181-afeb-43e1-8a05-d07cc2b53660
,
,
,
https://hsdes.intel.com/appstore/article/#/14019272830,https://axon.intel.com/app/view/72574f25-5c8d-4914-be14-006501f7773a
https://hsdes.intel.com/appstore/article/#/16020472219,https://axon.intel.com/app/view/e8bde3a3-e8ae-4cdd-9b5e-c2ae031950ad
,
,
https://hsdes.intel.com/appstore/article/#/14019305640,https://axon.intel.com/app/view/e2908b87-15db-4916-b06f-dad6ee81556e
https://hsdes.intel.com/appstore/article/#/14019305640,https://axon.intel.com/app/view/93f20002-663c-4309-8300-6e67acc109e2
https://hsdes.intel.com/appstore/article/#/14019305640,https://axon.intel.com/app/view/4f4b419b-42c8-4755-b5ba-aee0a865b80c
https://hsdes.intel.com/appstore/article/#/14019305640,https://axon.intel.com/app/view/c051fbaf-2923-4e89-9352-969aceae6045
https://hsdes.intel.com/appstore/article/#/14019272830,https://axon.intel.com/app/view/503280a7-e6f8-4a6e-af78-3ff0827c4296
https://hsdes.intel.com/appstore/article/#/14019272830,https://axon.intel.com/app/view/ccd770e7-e17c-48dc-bb80-0c6591ceba4b
,
,
,
,
,
https://hsdes.intel.com/appstore/article/#/16019554265,https://axon.intel.com/app/view/edbe51a7-1767-4b0a-a2af-ea9745ac1826
,
https://hsdes.intel.com/appstore/article/#/22018183668,https://axon.intel.com/app/view/8341e932-ac33-4231-9cb3-7b0122add698
,
,
,
,
,
,
,
,
https://hsdes.intel.com/appstore/article/#/16020418406,https://axon.intel.com/app/view/ce876613-bc08-4b72-9910-ff4ac7a63ea5
,
,
,
https://hsdes.intel.com/appstore/article/#/16020246958,https://axon.intel.com/app/view/d3cc606c-05b1-5596-e323-13cb67f457a2
https://hsdes.intel.com/appstore/article/#/14019204555,https://axon.intel.com/app/view/f2b7f763-928b-4054-962e-2b4cded000a7
https://hsdes.intel.com/appstore/article/#/22018239187,https://axon.intel.com/app/view/311e8f8a-bc6b-42aa-b883-20093a5f8c12
,
,
,
https://hsdes.intel.com/appstore/article/#/16020783312,https://axon.intel.com/app/view/a14552ca-0c7e-427c-93d0-5c572f3c8ed0
https://hsdes.intel.com/appstore/article/#/16020690037,https://axon.intel.com/app/view/f1c04937-49c9-4d39-a396-0ad5182360de
https://hsdes.intel.com/appstore/article/#/22018038426,https://axon.intel.com/app/view/e4b4a617-b2f2-4e9f-914f-a64164e8be47
,
https://hsdes.intel.com/appstore/article/#/16020685447,https://axon.intel.com/app/view/4aa74de2-9192-49b5-adc7-e2a0dc9e1c0b
,
,
,
https://hsdes.intel.com/appstore/article/#/22018298588,https://axon.intel.com/app/view/2c83ec4c-df6f-4fae-a59a-55f1ec776515
,
https://hsdes.intel.com/appstore/article/#/22018038426,https://axon.intel.com/app/view/1806a1d2-278f-4007-bd25-7211ebff1fc3
https://hsdes.intel.com/appstore/article/#/14019216034,https://axon.intel.com/app/view/c4d5ebd2-1e4b-4678-a05f-ead4119d93f6
,
,
,
,
,
,
https://hsdes.intel.com/appstore/article/#/16020843443,https://axon.intel.com/app/view/f60bef3f-72ac-474f-ad1b-2111789d1060
https://hsdes.intel.com/appstore/article/#/16020818368,https://axon.intel.com/app/view/45e88150-1e87-47e2-8aaa-9034e955cc16
,
,
,
https://hsdes.intel.com/appstore/article/#/16020870816,https://axon.intel.com/app/view/baa613b2-4262-4892-908e-86e4c47ef92b
https://hsdes.intel.com/appstore/article/#/16020870816,https://axon.intel.com/app/view/019536af-289f-40fd-9b17-a67ea599801f
https://hsdes.intel.com/appstore/article/#/16020866470,https://axon.intel.com/app/view/a2f9299a-292f-42a6-acdf-e5146ce8f1fa
,
,
,
,
https://hsdes.intel.com/appstore/article/#/22018365254,https://axon.intel.com/app/view/3215ea3f-be5e-423a-86b2-5fbff6ffc440
,
https://hsdes.intel.com/appstore/article/#/22018038426,https://axon.intel.com/app/view/7f14f3a5-c39f-4386-aa65-24badce0f909
,
,
https://hsdes.intel.com/appstore/article/#/16020902895,https://axon.intel.com/app/view/d3515063-b0d7-4a82-b0a3-a8f73f830403
,
,
,
,
https://hsdes.intel.com/appstore/article/#/22018228993,https://axon.intel.com/app/view/7e14c7c9-6a68-41e4-b45f-0903ab8272bc
,
https://hsdes.intel.com/appstore/article/#/16020463510,https://axon.intel.com/app/view/8efca9e6-88e4-9b0c-3703-551d90d76497
https://hsdes.intel.com/appstore/article/#/14019533223,https://axon.intel.com/app/view/0a161d18-8255-4a05-b731-1038de164fc5
https://hsdes.intel.com/appstore/article/#/14019216034,https://axon.intel.com/app/view/c50b9f0a-a6be-4c93-a4ef-d4f223c0777d
,
https://hsdes.intel.com/appstore/article/#/22018271407,https://axon.intel.com/app/view/a2a3182b-a862-407e-a574-f98589c54762
https://hsdes.intel.com/appstore/article/#/16020937789,https://axon.intel.com/app/view/cf2fc0bd-3c9a-7171-a0db-4ef4260a40e8
,
,
https://hsdes.intel.com/appstore/article/#/16021527278,https://axon.intel.com/app/view/64610ed9-6672-4b92-9006-4edef41ae244
https://hsdes.intel.com/appstore/article/#/14019553536,https://axon.intel.com/app/view/200c3235-212b-49e8-97eb-53ae136dc8e2
https://hsdes.intel.com/appstore/article/#/16020915005,https://axon.intel.com/app/view/74b8a996-ab40-4aec-976e-45dc46064f6c
https://hsdes.intel.com/appstore/article/#/16020183491,https://axon.intel.com/app/view/77065083-2619-4da8-b92a-9cb9ada02f0a
https://hsdes.intel.com/appstore/article/#/16020919860,https://axon.intel.com/app/view/2d33e658-8246-4aff-b28f-4054a7878aaa
,
https://hsdes.intel.com/appstore/article/#/22018318542,https://axon.intel.com/app/view/5e36967e-48c6-4f54-972e-c4ab4395ff1b
,
https://hsdes.intel.com/appstore/article/#/22018318542,https://axon.intel.com/app/view/a8f7cd0d-4794-4f61-9f92-8aaa961ea969
,
https://hsdes.intel.com/appstore/article/#/15013638714,https://axon.intel.com/app/view/d05a80b0-d1d8-4a28-9c02-24ad29a0f57c
https://hsdes.intel.com/appstore/article/#/15013603527,https://axon.intel.com/app/view/6514a8c1-3361-4ae4-b4df-debaf73d619c
,
,
,
,
https://hsdes.intel.com/appstore/article/#/16020975844,https://axon.intel.com/app/view/1588df0e-0744-4f79-ab64-51221333b449
,
,
,
,
,
,
,
,
,
,
,
https://hsdes.intel.com/appstore/article/#/16021018498,https://axon.intel.com/app/view/b6c756ef-f29f-48b0-b7a1-6a8904f10227
,
,
https://hsdes.intel.com/appstore/article/#/16020649777,https://axon.intel.com/app/view/9b2efb3b-67bf-44e2-8d03-b6c4594a2650
,
https://hsdes.intel.com/appstore/article/#/16021292642,https://axon.intel.com/app/view/14177c58-11c5-494b-9a62-b8ccf4b4192c
,
https://hsdes.intel.com/appstore/article/#/16021292642,https://axon.intel.com/app/view/5a68c4d1-d463-46af-8f3e-e9b9bf138266
https://hsdes.intel.com/appstore/article/#/16021042779,https://axon.intel.com/app/view/54b6af85-6c08-4d6f-a677-1dbff268a6fa
,
https://hsdes.intel.com/appstore/article/#/16019554265,https://axon.intel.com/app/view/294cd210-cbc1-46f3-a0c9-c3d2f226a1a4
,
https://hsdes.intel.com/appstore/article/#/16021032795,https://axon.intel.com/app/view/7b50b26b-0b06-4698-bea5-015eb412a90c
,
,
https://hsdes.intel.com/appstore/article/#/16021292642,https://axon.intel.com/app/view/c79efd0a-3bd2-49a7-9243-f2d14cf255b3
https://hsdes.intel.com/appstore/article/#/16019554265,https://axon.intel.com/app/view/7dfefc91-2307-4872-8fc3-5ca795dab531
https://hsdes.intel.com/appstore/article/#/16021034863,https://axon.intel.com/app/view/e2bac2b4-e317-4590-af88-6669083845d8
https://hsdes.intel.com/appstore/article/#/22018038426,https://axon.intel.com/app/view/e9784a72-9656-443a-a5b7-d3e18261e0f0
https://hsdes.intel.com/appstore/article/#/16020463510,https://axon.intel.com/app/view/b81e1f7c-6897-133f-e853-f2ac34445854
https://hsdes.intel.com/appstore/article/#/16021292642,https://axon.intel.com/app/view/8a4d6176-df72-48fb-a0bb-be3d288e1ddb
https://hsdes.intel.com/appstore/article/#/16021062587,https://axon.intel.com/app/view/c44a23d8-4ddb-4d32-8153-9c21840e3dc5
,
https://hsdes.intel.com/appstore/article/#/16021033128,https://axon.intel.com/app/view/a7fb902d-9d2e-4ac6-b595-02ab63400733
https://hsdes.intel.com/appstore/article/#/16021018020,https://axon.intel.com/app/view/595358af-f077-41ad-bbf7-96f8e750fb53
https://hsdes.intel.com/appstore/article/#/16021292642,https://axon.intel.com/app/view/480d9a30-ec21-4136-8249-003e62d059a6
,
,
https://hsdes.intel.com/appstore/article/#/16019554265,https://axon.intel.com/app/view/86d7db24-ac96-4256-9bce-50c7a28a24e6
https://hsdes.intel.com/appstore/article/#/16021042565,https://axon.intel.com/app/view/4fb7c396-a7d4-4ad9-9d37-cd01a2d4aaba
,
,
https://hsdes.intel.com/appstore/article/#/16019554265,https://axon.intel.com/app/view/9f4f1822-84db-45b1-b55b-6a17b2dc7295
https://hsdes.intel.com/appstore/article/#/16020998376,https://axon.intel.com/app/view/292838f1-f6a0-493a-bc6d-6b11f72d9e06
,
,
,
,
https://hsdes.intel.com/appstore/article/#/16021202870,https://axon.intel.com/app/view/3094b7c2-50c7-40fb-a49d-56e2c4d302c3
,
,
,
https://hsdes.intel.com/appstore/article/#/16021333844,https://axon.intel.com/app/view/2aa534ce-d07a-6676-87fc-7c0cfab10479
,
,
,
,
,
https://hsdes.intel.com/appstore/article/#/16022474139,https://axon.intel.com/app/view/b138833e-9bea-4015-85c7-d6b78f7b6cba
,
,
,
,
https://hsdes.intel.com/appstore/article/#/22019104106,https://axon.intel.com/app/view/deee9636-4a00-4aaf-a146-3455cd2216ca
https://hsdes.intel.com/appstore/article/#/22019064672,https://axon.intel.com/app/view/9e47141d-d9e1-4483-91b2-a9c9e48e0f0e
https://hsdes.intel.com/appstore/article/#/16022595249,https://axon.intel.com/app/view/281bf802-4907-4c64-9b4d-2852cf149c36
,
,
,
https://hsdes.intel.com/appstore/article/#/16020463510,https://axon.intel.com/app/view/f6b8e936-4cc2-4f11-86d0-3cac660091bf
https://hsdes.intel.com/appstore/article/#/16022785285,https://axon.intel.com/app/view/3b164900-b4f0-4674-93c1-f116742b90b0
,
,
,
https://hsdes.intel.com/appstore/article/#/16022463484,https://axon.intel.com/app/view/66386e1a-db4f-4391-bca4-37c7729985f1
,
,
https://hsdes.intel.com/appstore/article/#/16022673248,https://axon.intel.com/app/view/1a353088-5089-43a1-9d85-5301eceadb03
https://hsdes.intel.com/appstore/article/#/16022463484,https://axon.intel.com/app/view/0b0f56bb-dfd1-4ade-b90e-aa0747baff35
https://hsdes.intel.com/appstore/article/#/16022673248,https://axon.intel.com/app/view/8dee3708-46ac-4ee5-9cf4-1d1d80314d57
,
,
https://hsdes.intel.com/appstore/article/#/16023029745,https://axon.intel.com/app/view/1ebc7612-f27e-4a27-b62a-b2ac0941df36
,
,
,
https://hsdes.intel.com/appstore/article/#/15015372203,https://axon.intel.com/app/view/b8be47d8-49cf-4dc9-847b-dd9cc4e6148a
https://hsdes.intel.com/appstore/article/#/16023297423,https://axon.intel.com/app/view/1c91d8fc-0976-4b5b-ab8c-7f2dddcd0f2a
,
https://hsdes.intel.com/appstore/article/#/15015458644,https://axon.intel.com/app/view/caaaaa6c-2753-4ce7-bb46-00bf256fe0e7
,
https://hsdes.intel.com/appstore/article/#/16023372213,https://axon.intel.com/app/view/955ca81a-2a15-4c74-af15-3a507ac6735a
,
,
https://hsdes.intel.com/appstore/article/#/14021694669,https://axon.intel.com/app/view/c092d667-7ee4-b170-4492-332ffbc0470f
,
,
https://hsdes.intel.com/appstore/article/#/22019786477,https://axon.intel.com/app/view/8e150cc6-46e2-4ca6-aa13-389d0f03c268
https://hsdes.intel.com/appstore/article/#/22019774995,https://axon.intel.com/app/view/477a1a72-139b-0136-e031-662550a81f92
,
,
,
,
,
,
https://hsdes.intel.com/appstore/article/#/16023864887,https://axon.intel.com/app/view/110496e1-84ff-b34c-194d-bde5d3b46ee9
https://hsdes.intel.com/appstore/article/#/15015375815,https://axon.intel.com/app/view/9629aa3d-f1f2-f3d7-62e1-797a045c3d3b
,
,
,
https://hsdes.intel.com/appstore/article/#/16023822133,https://axon.intel.com/app/view/2238a18d-ee01-4f1e-b0a3-a9fa2763d315
https://hsdes.intel.com/appstore/article/#/16024038873,https://axon.intel.com/app/view/9409993b-0bf7-4002-83c3-ddd4e7489f88
,
https://hsdes.intel.com/appstore/article/#/15015375815,https://axon.intel.com/app/view/db77243a-0a02-4b6b-813a-d0a938aa0573
,
https://hsdes.intel.com/appstore/article/#/16024140422,https://axon.intel.com/app/view/4d706350-bb9b-4d51-a641-94f0eaede136
https://hsdes.intel.com/appstore/article/#/16024140422,https://axon.intel.com/app/view/e8317d02-e120-43e4-befa-bbc24be5fc15
,
https://hsdes.intel.com/appstore/article/#/15015375815,https://axon.intel.com/app/view/e3a369d4-7ca9-4eef-bb85-7e9ce600a4b0
https://hsdes.intel.com/appstore/article/#/14022378864,https://axon.intel.com/app/view/41a8b287-8f13-46fd-bdba-92527fc49043
https://hsdes.intel.com/appstore/article/#/15015375815,https://axon.intel.com/app/view/16671a09-f336-43a4-87b1-eafe8f1d4b45
,
https://hsdes.intel.com/appstore/article/#/16023682625,https://axon.intel.com/app/view/ae33ddee-0a9e-4732-9cc0-bb7017468998
https://hsdes.intel.com/appstore/article/#/16023994363,https://axon.intel.com/app/view/e4b7515e-7344-4001-9500-fbbfec877212
https://hsdes.intel.com/appstore/article/#/16024220479,https://axon.intel.com/app/view/5a9fb788-9e5e-4e23-8705-0773faa746ab
https://hsdes.intel.com/appstore/article/#/16024327625,https://axon.intel.com/app/view/59b107ac-33ca-4a06-b6ab-cc31bbc44f22
https://hsdes.intel.com/appstore/article/#/16023682625,https://axon.intel.com/app/view/18da2d54-3fc5-4032-9489-f1723bcb9a06
,
,
https://hsdes.intel.com/appstore/article/#/16024489173,https://axon.intel.com/app/view/e4d4a632-e810-7957-b18c-9ec77621b4d1
,
https://hsdes.intel.com/appstore/article/#/22020200030,https://axon.intel.com/app/view/88889040-d99c-417e-9e28-559cfaac6a07
https://hsdes.intel.com/appstore/article/#/14022640895,https://axon.intel.com/app/view/006bd099-40e4-4de3-b4db-0a637f2d1a39
,
https://hsdes.intel.com/appstore/article/#/16023853624,https://axon.intel.com/app/view/9f166c5b-aa0d-4a40-8fce-ca0fe9320cda
https://hsdes.intel.com/appstore/article/#/16024529601,https://axon.intel.com/app/view/c71d5c9a-e7d6-413a-a8e4-c0884600e5c8
,
,
,
https://hsdes.intel.com/appstore/article/#/15015375815,https://axon.intel.com/app/view/d89cecfe-c4dc-477d-5faf-d4eea0f983ba
https://hsdes.intel.com/appstore/article/#/16024554716,https://axon.intel.com/app/view/09060041-daba-49d8-9f06-f27f4de07e62
,
,
,
,
,
https://hsdes.intel.com/appstore/article/#/16024491564,https://axon.intel.com/app/view/e766e04f-bc2f-4ae6-b046-d1b36e7d5677
https://hsdes.intel.com/appstore/article/#/14022718447,https://axon.intel.com/app/view/fca8725f-0292-45c7-a7e2-4b1d8a228cd8
,
,
,
,
,
,
,
,
https://hsdes.intel.com/appstore/article/#/16024676077,https://axon.intel.com/app/view/9a929dba-9e74-4908-b7f0-7ce8ad565e33
,
,
https://hsdes.intel.com/appstore/article/#/16024617402,https://axon.intel.com/app/view/62ab160c-a42a-500f-dfb1-e4dbebb0cdcb
https://hsdes.intel.com/appstore/article/#/16024760157,https://axon.intel.com/app/view/5322c22f-204a-4a48-b4d0-91eec0d2c7ff
,
https://hsdes.intel.com/appstore/article/#/16024760157,https://axon.intel.com/app/view/50b0eef9-8d30-4b9a-bd22-82df25996e99
https://hsdes.intel.com/appstore/article/#/16024760157,https://axon.intel.com/app/view/4bc6d0db-8397-4275-bec1-7f28f69db884
https://hsdes.intel.com/appstore/article/#/16024760157,https://axon.intel.com/app/view/25a5d4ea-a3ac-46a8-a83f-5cb710032dec
https://hsdes.intel.com/appstore/article/#/16024760157,https://axon.intel.com/app/view/8bd5ed75-e736-4211-ac66-7b7c4bda8cdb
,
