Failure Name,NGA_Link,Station Name,Stage,Debug Snapshot,Group Name,Failure_Id,SightingId,AxonSV Record Viewer,Signatures,hsdes_link,axon_link,Errors
87305a93,https://nga.laas.intel.com/#/nga_fv_gnr/failureManagement/failures/87305a93-8f4e-4e0d-acd5-af4b03d97d1f,ba05wvaw0054,PostTest,a2aa749a-7445-468f-1f25-13d4a7ab5899,CI_GNR_AP_DF,87305a93-8f4e-4e0d-acd5-af4b03d97d1f,,https://axonsv.app.intel.com/apps/record-viewer/a2aa749a-7445-468f-1f25-13d4a7ab5899,"['HW.ERR', 'HW.MCE', 'HW.MCE.DTLB', 'HW.CORR', 'HW.MCE.UPI', 'HW']",,,"['Merge Bank5-UPI signaled an MCA to Ubox; Check mc_status of MCA BANKID:5 and  MCA BANK_INDEX:0x1', 'Merge Bank5-UPI signaled an MCA to Ubox; Check mc_status of MCA BANKID:5 and  MCA BANK_INDEX:0x1']"
47c324b9,https://nga.laas.intel.com/#/nga_fv_gnr/failureManagement/failures/47c324b9-9472-4a8e-91ba-8585506dbff2,ba05wvaw0008,Test,f5a86ea4-cdba-7678-99cc-46062b9534c0,Reset-Matrix,47c324b9-9472-4a8e-91ba-8585506dbff2,16024677791.0,https://axonsv.app.intel.com/apps/record-viewer/f5a86ea4-cdba-7678-99cc-46062b9534c0,"['HW', 'HW.MCE.IIO', 'HW.CORR', 'HW.MCE.UBOX', 'HW.ERR', 'HW.MCE.DTLB', 'HW.MCE']",,,['mscod: MCE when MCIP bit is set-Error signaled by the core and logged in Ubox. Check the core for more details.']
1fcce0ee,https://nga.laas.intel.com/#/nga_fv_gnr/failureManagement/failures/1fcce0ee-1d05-42b0-a4e2-4d7a212ed9ec,ba05wvaw0054,PostTest,7c429be9-539b-52fb-7977-de08dcf70935,CI_GNR_AP_DF,1fcce0ee-1d05-42b0-a4e2-4d7a212ed9ec,,https://axonsv.app.intel.com/apps/record-viewer/7c429be9-539b-52fb-7977-de08dcf70935,"['HW.ERR', 'HW.MCE.IIO', 'HW.MCE', 'HW.MCE.DTLB', 'HW.CORR', 'HW.MCE.UPI', 'HW.MCE.UBOX', 'HW']",,,"['mscod: MCE when MCIP bit is set-Error signaled by the core and logged in Ubox. Check the core for more details.', 'Merge Bank5-UPI signaled an MCA to Ubox; Check mc_status of MCA BANKID:5 and  MCA BANK_INDEX:0x1', 'Merge Bank5-UPI signaled an MCA to Ubox; Check mc_status of MCA BANKID:5 and  MCA BANK_INDEX:0x1']"
d9a585e3,https://nga.laas.intel.com/#/nga_fv_gnr/failureManagement/failures/d9a585e3-f6c8-4fde-b24a-72d2e952fa57,ba05wvaw0154,Test,a671c71e-2009-4e58-b1eb-6dd6f113578d,Mesh,d9a585e3-f6c8-4fde-b24a-72d2e952fa57,16023994363.0,https://axonsv.app.intel.com/apps/record-viewer/a671c71e-2009-4e58-b1eb-6dd6f113578d,"['HW', 'HW.CORR', 'HW.ERR', 'HW.MCE', 'HW.MCE.MLC', 'HW.MCE.UPI']",,,"['Merge Bank5-UPI signaled an MCA to Ubox; Check mc_status of MCA BANKID:5 and  MCA BANK_INDEX:0x1', 'Merge Bank5-UPI signaled an MCA to Ubox; Check mc_status of MCA BANKID:5 and  MCA BANK_INDEX:0x1']"
5980cb08,https://nga.laas.intel.com/#/nga_fv_gnr/failureManagement/failures/5980cb08-415a-48fe-b463-2e3c88829270,ba05wvaw0035,Test,94f9a1f1-d074-4c2d-9351-879d9727f505,Reset-Matrix,5980cb08-415a-48fe-b463-2e3c88829270,16024220479.0,https://axonsv.app.intel.com/apps/record-viewer/94f9a1f1-d074-4c2d-9351-879d9727f505,"['HW.MCE.PCU', 'HW.ERR', 'HW.MCE.PUNIT', 'HW.MCE', 'HW.CORR', 'HW']",,,['Merge Bank6-Punit signaled an MCA to Ubox; Check mc_status of MCA BANKID:6 and  MCA BANK_INDEX:0xa']
e35ab926,https://nga.laas.intel.com/#/nga_fv_gnr/failureManagement/failures/e35ab926-4f22-4e11-afb4-4cc60043d971,ba05wvaw0014,Test,c09dc600-9583-4437-a0ca-0982f8132fe5,Reset-Matrix,e35ab926-4f22-4e11-afb4-4cc60043d971,16024220479.0,https://axonsv.app.intel.com/apps/record-viewer/c09dc600-9583-4437-a0ca-0982f8132fe5,"['HW', 'HW.MCE', 'HW.MCE.PCU', 'HW.MCE.PUNIT', 'HW.CORR', 'HW.ERR']",,,['Merge Bank6-Punit signaled an MCA to Ubox; Check mc_status of MCA BANKID:6 and  MCA BANK_INDEX:0xb']
643543df,https://nga.laas.intel.com/#/nga_fv_gnr/failureManagement/failures/643543df-85f1-4835-b1c1-627b4288a47e,ba05wvaw0054,PostTest,ed1069c3-7aa2-9346-bc16-bdd0fe05313a,PCIe,643543df-85f1-4835-b1c1-627b4288a47e,14022798039.0,https://axonsv.app.intel.com/apps/record-viewer/ed1069c3-7aa2-9346-bc16-bdd0fe05313a,"['HW.MCE.UBOX', 'HW.MCE', 'HW.MCE.UPI', 'HW.MCE.DTLB', 'HW', 'HW.MCE.IIO', 'HW.CORR', 'HW.ERR']",,,"['mscod: MCE when MCIP bit is set-Error signaled by the core and logged in Ubox. Check the core for more details.', 'Merge Bank5-UPI signaled an MCA to Ubox; Check mc_status of MCA BANKID:5 and  MCA BANK_INDEX:0x1', 'Merge Bank5-UPI signaled an MCA to Ubox; Check mc_status of MCA BANKID:5 and  MCA BANK_INDEX:0x1']"
b606db6d,https://nga.laas.intel.com/#/nga_fv_gnr/failureManagement/failures/b606db6d-8a20-439a-87d7-df254a6715c7,ba05wvaw0015,Test,07123fa4-aeeb-4fb9-a2e4-f7043016974f,si_hearbeat_x3,b606db6d-8a20-439a-87d7-df254a6715c7,,https://axonsv.app.intel.com/apps/record-viewer/07123fa4-aeeb-4fb9-a2e4-f7043016974f,"['HW.CFG.ERR', 'HW.MCE', 'HW.MCE.PCU', 'HW.MCE.PUNIT', 'HW', 'HW.CORR', 'HW.ERR']",,,['Merge Bank6-Punit signaled an MCA to Ubox; Check mc_status of MCA BANKID:6 and  MCA BANK_INDEX:0xb']
403a0fcc,https://nga.laas.intel.com/#/nga_fv_gnr/failureManagement/failures/403a0fcc-b099-4df1-80e7-52ef26709c0a,jf04wvaw5054,Test,3f6ef076-4bc8-4e3c-84a7-f09217949d7e,Concurrency,403a0fcc-b099-4df1-80e7-52ef26709c0a,,https://axonsv.app.intel.com/apps/record-viewer/3f6ef076-4bc8-4e3c-84a7-f09217949d7e,"['HW.MCE', 'HW.MCE.CHA', 'HW', 'HW.MCE.MLC', 'HW.CORR', 'HW.ERR']",,,"['Merge Bank7-CHA0 signaled an MCA to Ubox; Check mc_status of MCA BANKID:7 and  MCA BANK_INDEX:0x3d', 'Merge Bank7-CHA0 signaled an MCA to Ubox; Check mc_status of MCA BANKID:7 and  MCA BANK_INDEX:0x25', 'LOCK Hard Hang, did not return to idle in 1s']"
a679c38f,https://nga.laas.intel.com/#/nga_fv_gnr/failureManagement/failures/a679c38f-d6ef-4817-b2d5-10c0883e8129,ba05wvaw0054,Test,3e1f9a37-bbda-af92-daa9-12b6b147dc09,Memory,a679c38f-d6ef-4817-b2d5-10c0883e8129,,https://axonsv.app.intel.com/apps/record-viewer/3e1f9a37-bbda-af92-daa9-12b6b147dc09,"['HW.MCE', 'HW.CORR', 'HW.MCE.DTLB', 'HW.MCE.IIO', 'HW', 'HW.MCE.UBOX', 'HW.ERR']",,,"['mscod: MCE when MCIP bit is set-Error signaled by the core and logged in Ubox. Check the core for more details.', 'mscod: MCE when MCIP bit is set-Error signaled by the core and logged in Ubox. Check the core for more details.']"
fac29bd1,https://nga.laas.intel.com/#/nga_fv_gnr/failureManagement/failures/fac29bd1-cfd4-46a2-ad97-faf2400af6e1,ba05wvaw0147,Test,ddba86a2-0e70-455e-b89d-7c144442c2f4,PM,fac29bd1-cfd4-46a2-ad97-faf2400af6e1,16024220479.0,https://axonsv.app.intel.com/apps/record-viewer/ddba86a2-0e70-455e-b89d-7c144442c2f4,"['HW.MCE.PUNIT', 'HW.MCE.PCU', 'HW.MCE', 'HW.CORR', 'HW', 'HW.ERR']",,,['Merge Bank6-Punit signaled an MCA to Ubox; Check mc_status of MCA BANKID:6 and  MCA BANK_INDEX:0xb']
f50553aa,https://nga.laas.intel.com/#/nga_fv_gnr/failureManagement/failures/f50553aa-8cea-4693-8927-a9ba1adf170e,ba05wvaw0054,PostTest,99f574e1-dee9-ec91-c152-eb7f7a65ce6a,PCIe,f50553aa-8cea-4693-8927-a9ba1adf170e,14022798039.0,https://axonsv.app.intel.com/apps/record-viewer/99f574e1-dee9-ec91-c152-eb7f7a65ce6a,"['HW.MCE.UBOX', 'HW', 'HW.MCE.DTLB', 'HW.CORR', 'HW.MCE.UPI', 'HW.ERR', 'HW.MCE', 'HW.MCE.IIO']",,,"['mscod: MCE when MCIP bit is set-Error signaled by the core and logged in Ubox. Check the core for more details.', 'Merge Bank5-UPI signaled an MCA to Ubox; Check mc_status of MCA BANKID:5 and  MCA BANK_INDEX:0x1', 'Merge Bank5-UPI signaled an MCA to Ubox; Check mc_status of MCA BANKID:5 and  MCA BANK_INDEX:0x1']"
8a41e95b,https://nga.laas.intel.com/#/nga_fv_gnr/failureManagement/failures/8a41e95b-7861-4025-abe7-232eefabc128,jf04wvaw5054,Test,fa932fe4-09af-466f-a901-9a9b29497297,Concurrency,8a41e95b-7861-4025-abe7-232eefabc128,,https://axonsv.app.intel.com/apps/record-viewer/fa932fe4-09af-466f-a901-9a9b29497297,"['HW.MCE', 'HW.CORR', 'HW', 'HW.MCE.MLC', 'HW.MCE.CHA', 'HW.ERR']",,,"['Merge Bank7-CHA0 signaled an MCA to Ubox; Check mc_status of MCA BANKID:7 and  MCA BANK_INDEX:0xb', 'Merge Bank7-CHA0 signaled an MCA to Ubox; Check mc_status of MCA BANKID:7 and  MCA BANK_INDEX:0x5', 'LOCK Hard Hang, did not return to idle in 1s']"
6eac3459,https://nga.laas.intel.com/#/nga_fv_gnr/failureManagement/failures/6eac3459-8e6a-4e2f-a411-8f8fd782fa37,jf04wvaw5127,Test,c87bf328-7385-459b-bc2c-34b0416b2b98,Mesh,6eac3459-8e6a-4e2f-a411-8f8fd782fa37,16023994363.0,https://axonsv.app.intel.com/apps/record-viewer/c87bf328-7385-459b-bc2c-34b0416b2b98,"['HW', 'HW.CORR', 'HW.ERR', 'HW.MCE', 'HW.MCE.MLC', 'HW.MCE.UPI']",,,"['Merge Bank5-UPI signaled an MCA to Ubox; Check mc_status of MCA BANKID:5 and  MCA BANK_INDEX:0x1', 'Merge Bank5-UPI signaled an MCA to Ubox; Check mc_status of MCA BANKID:5 and  MCA BANK_INDEX:0x1']"
72ad1ae9,https://nga.laas.intel.com/#/nga_fv_gnr/failureManagement/failures/72ad1ae9-bf7d-4819-b7aa-99767d7bc76f,ba05wvaw0111,Test,e6cd32f3-5b9d-4ba9-afbd-5737928dd80d,Mesh,72ad1ae9-bf7d-4819-b7aa-99767d7bc76f,16023994363.0,https://axonsv.app.intel.com/apps/record-viewer/e6cd32f3-5b9d-4ba9-afbd-5737928dd80d,"['HW', 'HW.CORR', 'HW.ERR', 'HW.KNOWN_ISSUE', 'HW.MCE', 'HW.MCE.MLC', 'HW.MCE.UPI']",,,"['Merge Bank5-UPI signaled an MCA to Ubox; Check mc_status of MCA BANKID:5 and  MCA BANK_INDEX:0x1', 'Merge Bank5-UPI signaled an MCA to Ubox; Check mc_status of MCA BANKID:5 and  MCA BANK_INDEX:0x1']"
261239b8,https://nga.laas.intel.com/#/nga_fv_gnr/failureManagement/failures/261239b8-f939-4bc1-a6e4-489640397952,jf04wvaw5461,RebootStation,142eaf74-f8ce-4c37-a884-567dbf802f4f,Mesh,261239b8-f939-4bc1-a6e4-489640397952,,https://axonsv.app.intel.com/apps/record-viewer/142eaf74-f8ce-4c37-a884-567dbf802f4f,"['HW.CORR', 'HW.MCE.UPI', 'HW.MCE', 'HW.MCE.UBOX', 'HW', 'HW.MCE.MLC', 'HW.MCE.IIO', 'HW.MCE.CHA', 'HW.ERR']",,,"['mscod: MCE when CR4.MCE is clear-Error signaled by the core and logged in Ubox. Check the core for more details.', 'mscod: MCE under WFS-Error signaled by the core and logged in Ubox. Check the core for more details.', 'Merge Bank5-UPI signaled an MCA to Ubox; Check mc_status of MCA BANKID:5 and  MCA BANK_INDEX:0x5', 'Merge Bank7-CHA0 signaled an MCA to Ubox; Check mc_status of MCA BANKID:7 and  MCA BANK_INDEX:0x49', 'Merge Bank5-UPI signaled an MCA to Ubox; Check mc_status of MCA BANKID:5 and  MCA BANK_INDEX:0x3', 'Merge Bank7-CHA0 signaled an MCA to Ubox; Check mc_status of MCA BANKID:7 and  MCA BANK_INDEX:0x0']"
7fdbec99,https://nga.laas.intel.com/#/nga_fv_gnr/failureManagement/failures/7fdbec99-eba3-487f-abad-f7d42fdbbf9c,ba05wvaw0054,Test,cec07f6c-2ec4-bcde-1f60-dd42dcc6cf87,Mesh,7fdbec99-eba3-487f-abad-f7d42fdbbf9c,,https://axonsv.app.intel.com/apps/record-viewer/cec07f6c-2ec4-bcde-1f60-dd42dcc6cf87,"['HW.ERR', 'HW.MCE.DTLB', 'HW.MCE', 'HW.CORR', 'HW.MCE.MLC', 'HW.MCE.UPI', 'HW']",,,"['Merge Bank5-UPI signaled an MCA to Ubox; Check mc_status of MCA BANKID:5 and  MCA BANK_INDEX:0x1', 'Merge Bank5-UPI signaled an MCA to Ubox; Check mc_status of MCA BANKID:5 and  MCA BANK_INDEX:0x1']"
1c8c7d33,https://nga.laas.intel.com/#/nga_fv_gnr/failureManagement/failures/1c8c7d33-0e05-46f8-b73d-cbb7998f1fb2,ba05wvaw0116,Test,915fc4c7-a7c9-1a06-0005-375720d2145f,Mesh,1c8c7d33-0e05-46f8-b73d-cbb7998f1fb2,16024749679.0,https://axonsv.app.intel.com/apps/record-viewer/915fc4c7-a7c9-1a06-0005-375720d2145f,"['HW', 'HW.CORR', 'HW.ERR', 'HW.MCE', 'HW.MCE.MLC', 'HW.MCE.PCU', 'HW.MCE.PUNIT']",,,"['Merge Bank6-Punit signaled an MCA to Ubox; Check mc_status of MCA BANKID:6 and  MCA BANK_INDEX:0x9', 'Merge Bank6-Punit signaled an MCA to Ubox; Check mc_status of MCA BANKID:6 and  MCA BANK_INDEX:0xb']"
7e8a8004,https://nga.laas.intel.com/#/nga_fv_gnr/failureManagement/failures/7e8a8004-18cf-48f4-a271-d444608cd4b7,ba05wvaw0147,Test,3aecc8f9-c49e-4497-873e-c5d70e7ddc0a,Reset,7e8a8004-18cf-48f4-a271-d444608cd4b7,16024220479.0,https://axonsv.app.intel.com/apps/record-viewer/3aecc8f9-c49e-4497-873e-c5d70e7ddc0a,"['HW', 'HW.MCE.PCU', 'HW.MCE', 'HW.CORR', 'HW.MCE.PUNIT', 'HW.ERR']",,,['Merge Bank6-Punit signaled an MCA to Ubox; Check mc_status of MCA BANKID:6 and  MCA BANK_INDEX:0xa']
f44c1f0c,https://nga.laas.intel.com/#/nga_fv_gnr/failureManagement/failures/f44c1f0c-7fab-4d67-9c6f-484f524596ca,ba05wvaw0005,Test,e873d59b-fcb4-4d81-b2c6-4f5ef7f6b879,Mesh,f44c1f0c-7fab-4d67-9c6f-484f524596ca,16023994363.0,https://axonsv.app.intel.com/apps/record-viewer/e873d59b-fcb4-4d81-b2c6-4f5ef7f6b879,"['HW', 'HW.CORR', 'HW.ERR', 'HW.MCE', 'HW.MCE.MLC', 'HW.MCE.UPI']",,,"['Merge Bank5-UPI signaled an MCA to Ubox; Check mc_status of MCA BANKID:5 and  MCA BANK_INDEX:0x1', 'Merge Bank5-UPI signaled an MCA to Ubox; Check mc_status of MCA BANKID:5 and  MCA BANK_INDEX:0x1']"
32e34e6e,https://nga.laas.intel.com/#/nga_fv_gnr/failureManagement/failures/32e34e6e-5b72-4881-81a1-1a288ff06654,jf04wvaw5088,PostTest,505336b7-b850-2577-a9e4-5683dfcb8ff5,Mesh,32e34e6e-5b72-4881-81a1-1a288ff06654,16024715370.0,https://axonsv.app.intel.com/apps/record-viewer/505336b7-b850-2577-a9e4-5683dfcb8ff5,"['HW', 'HW.CORR', 'HW.ERR', 'HW.MCE', 'HW.MCE.MLC', 'HW.MCE.PCU', 'HW.MCE.PUNIT']",,,"['Merge Bank6-Punit signaled an MCA to Ubox; Check mc_status of MCA BANKID:6 and  MCA BANK_INDEX:0x9', 'Merge Bank6-Punit signaled an MCA to Ubox; Check mc_status of MCA BANKID:6 and  MCA BANK_INDEX:0x9']"
6bdc88f5,https://nga.laas.intel.com/#/nga_fv_gnr/failureManagement/failures/6bdc88f5-63b3-4de0-913d-27d40b867738,jf04wvaw5088,Test,b15f6c7e-0bdc-4173-aa3c-72066cd2d4d2,Security,6bdc88f5-63b3-4de0-913d-27d40b867738,16024773245.0,https://axonsv.app.intel.com/apps/record-viewer/b15f6c7e-0bdc-4173-aa3c-72066cd2d4d2,"['HW.MCE', 'HW', 'HW.ERR', 'HW.MCE.CHA', 'HW.MCE.MLC', 'HW.CORR']",,,"['Merge Bank7-CHA0 signaled an MCA to Ubox; Check mc_status of MCA BANKID:7 and  MCA BANK_INDEX:0x11', 'Merge Bank7-CHA0 signaled an MCA to Ubox; Check mc_status of MCA BANKID:7 and  MCA BANK_INDEX:0x1b', 'LOCK Hard Hang, did not return to idle in 1s']"
1ee1c041,https://nga.laas.intel.com/#/nga_fv_gnr/failureManagement/failures/1ee1c041-b064-4d12-9f35-41766f7c8490,jf04wvaw5179,Test,1703c075-6581-46a7-8364-7f19de0beecc,Reset,1ee1c041-b064-4d12-9f35-41766f7c8490,16024663199.0,https://axonsv.app.intel.com/apps/record-viewer/1703c075-6581-46a7-8364-7f19de0beecc,"['HW.ERR', 'HW.MCE', 'HW.CORR', 'HW.MCE.UPI', 'HW.MCE.PUNIT', 'HW.MCE.PCU', 'HW']",,,"['Merge Bank5-UPI signaled an MCA to Ubox; Check mc_status of MCA BANKID:5 and  MCA BANK_INDEX:0x1', 'Merge Bank6-Punit signaled an MCA to Ubox; Check mc_status of MCA BANKID:6 and  MCA BANK_INDEX:0x9', 'Merge Bank5-UPI signaled an MCA to Ubox; Check mc_status of MCA BANKID:5 and  MCA BANK_INDEX:0x1']"
05cd13e7,https://nga.laas.intel.com/#/nga_fv_gnr/failureManagement/failures/05cd13e7-85af-4bc5-9fb3-d6e92d517403,ba05wvaw0017,Test,981b6f1a-1aa7-45f9-85fe-9caa7566273d,Security,05cd13e7-85af-4bc5-9fb3-d6e92d517403,,https://axonsv.app.intel.com/apps/record-viewer/981b6f1a-1aa7-45f9-85fe-9caa7566273d,"['HW.MCE.IIO', 'HW.MCE.MLC', 'HW.MCE', 'HW.MCE.UPI', 'HW.CORR', 'HW', 'HW.ERR']",,,"['mscod: MCE when MCIP bit is set-Error signaled by the core and logged in Ubox. Check the core for more details.', 'mscod: MCE when MCIP bit is set-Error signaled by the core and logged in Ubox. Check the core for more details.', 'Merge Bank5-UPI signaled an MCA to Ubox; Check mc_status of MCA BANKID:5 and  MCA BANK_INDEX:0x1', 'Merge Bank5-UPI signaled an MCA to Ubox; Check mc_status of MCA BANKID:5 and  MCA BANK_INDEX:0x1']"
70b60d59,https://nga.laas.intel.com/#/nga_fv_gnr/failureManagement/failures/70b60d59-1c22-44eb-abbb-27c2fe1c7be4,ba05wvaw0147,Test,94b2c8e0-e2d8-4056-a3c6-5c0805ae4dfd,Reset,70b60d59-1c22-44eb-abbb-27c2fe1c7be4,,https://axonsv.app.intel.com/apps/record-viewer/94b2c8e0-e2d8-4056-a3c6-5c0805ae4dfd,"['HW.MCE.PCU', 'HW.MCE.PUNIT', 'HW.CORR', 'HW.MCE', 'HW', 'HW.ERR']",,,['Merge Bank6-Punit signaled an MCA to Ubox; Check mc_status of MCA BANKID:6 and  MCA BANK_INDEX:0x9']
3b573628,https://nga.laas.intel.com/#/nga_fv_gnr/failureManagement/failures/3b573628-1c37-4114-90e6-209814f34e96,ba05wvaw0087,Test,34781494-cd2d-77aa-6223-37bfe094ad07,Accelerator,3b573628-1c37-4114-90e6-209814f34e96,,https://axonsv.app.intel.com/apps/record-viewer/34781494-cd2d-77aa-6223-37bfe094ad07,"['HW.ERR', 'HW.MCE', 'HW.CORR', 'HW.MCE.MLC', 'HW.MCE.PUNIT', 'HW.MCE.PCU', 'HW']",,,['Merge Bank6-Punit signaled an MCA to Ubox; Check mc_status of MCA BANKID:6 and  MCA BANK_INDEX:0x0']
4fa222d0,https://nga.laas.intel.com/#/nga_fv_gnr/failureManagement/failures/4fa222d0-59ec-46c5-911f-1f58e3229804,jf04wvaw5088,PostTest,8bfbc676-0d76-b614-1d6a-7de6b00e2f06,Concurrency,4fa222d0-59ec-46c5-911f-1f58e3229804,,https://axonsv.app.intel.com/apps/record-viewer/8bfbc676-0d76-b614-1d6a-7de6b00e2f06,"['HW', 'HW.MCE', 'HW.MCE.PUNIT', 'HW.MCE.PCU', 'HW.CORR', 'HW.ERR', 'HW.MCE.MLC']",,,['Merge Bank6-Punit signaled an MCA to Ubox; Check mc_status of MCA BANKID:6 and  MCA BANK_INDEX:0x0']
901fd133,https://nga.laas.intel.com/#/nga_fv_gnr/failureManagement/failures/901fd133-19b8-42db-99dd-59c02da2a83e,ba05wvaw0163,PostTest,404a3aaa-c6b9-0ebf-e1c6-991cbd9bc8a5,Concurrency,901fd133-19b8-42db-99dd-59c02da2a83e,,https://axonsv.app.intel.com/apps/record-viewer/404a3aaa-c6b9-0ebf-e1c6-991cbd9bc8a5,"['HW', 'HW.MCE', 'HW.MCE.PUNIT', 'HW.MCE.PCU', 'HW.CORR', 'HW.ERR', 'HW.CFG.ERR', 'HW.MCE.MLC']",,,['Merge Bank6-Punit signaled an MCA to Ubox; Check mc_status of MCA BANKID:6 and  MCA BANK_INDEX:0x0']
d968f26c,https://nga.laas.intel.com/#/nga_fv_gnr/failureManagement/failures/d968f26c-efa4-46a1-b2cd-efc1361f2a9c,jf04wvaw5139,Test,3432c98f-0473-efc8-c4a8-09a24004ef3a,Concurrency,d968f26c-efa4-46a1-b2cd-efc1361f2a9c,,https://axonsv.app.intel.com/apps/record-viewer/3432c98f-0473-efc8-c4a8-09a24004ef3a,"['HW.CORR', 'HW.MCE.PCU', 'HW.MCE.MLC', 'HW.MCE.PUNIT', 'HW', 'HW.ERR', 'HW.MCE']",,,['Merge Bank6-Punit signaled an MCA to Ubox; Check mc_status of MCA BANKID:6 and  MCA BANK_INDEX:0x0']
270a7669,https://nga.laas.intel.com/#/nga_fv_gnr/failureManagement/failures/270a7669-b6ee-4f90-95f8-211c56bbebf1,ba05wvaw0147,Test,e6d939b5-8b63-4f1b-9869-ad04285b271b,Reset,270a7669-b6ee-4f90-95f8-211c56bbebf1,16024220479.0,https://axonsv.app.intel.com/apps/record-viewer/e6d939b5-8b63-4f1b-9869-ad04285b271b,"['HW.MCE', 'HW', 'HW.MCE.PUNIT', 'HW.MCE.PCU', 'HW.ERR', 'HW.CORR']",,,['Merge Bank6-Punit signaled an MCA to Ubox; Check mc_status of MCA BANKID:6 and  MCA BANK_INDEX:0xb']
ddc8eeca,https://nga.laas.intel.com/#/nga_fv_gnr/failureManagement/failures/ddc8eeca-80d8-4f85-90f8-3778475d36e6,ba05wvaw0147,Test,d4ba4eaf-adf1-4c83-9db6-0148d05c08d9,Reset,ddc8eeca-80d8-4f85-90f8-3778475d36e6,,https://axonsv.app.intel.com/apps/record-viewer/d4ba4eaf-adf1-4c83-9db6-0148d05c08d9,"['HW', 'HW.MCE', 'HW.MCE.PCU', 'HW.MCE.PUNIT', 'HW.MCE.UBOX', 'HW.ERR', 'HW.CORR', 'HW.MCE.IIO']",,,"['mscod: MCE when CR4.MCE is clear-Error signaled by the core and logged in Ubox. Check the core for more details.', 'mscod: MCE when CR4.MCE is clear-Error signaled by the core and logged in Ubox. Check the core for more details.', 'Merge Bank6-Punit signaled an MCA to Ubox; Check mc_status of MCA BANKID:6 and  MCA BANK_INDEX:0xb']"
aa997b50,https://nga.laas.intel.com/#/nga_fv_gnr/failureManagement/failures/aa997b50-4b92-48ba-8610-e8dcc6165d4c,ba05wvaw0045,PostTest,f07d4700-43d1-f75b-380c-acf328583675,Mesh,aa997b50-4b92-48ba-8610-e8dcc6165d4c,16024715370.0,https://axonsv.app.intel.com/apps/record-viewer/f07d4700-43d1-f75b-380c-acf328583675,"['HW', 'HW.CORR', 'HW.ERR', 'HW.MCE', 'HW.MCE.PCU', 'HW.MCE.PUNIT', 'HW.MCE.UPI']",,,"['Merge Bank5-UPI signaled an MCA to Ubox; Check mc_status of MCA BANKID:5 and  MCA BANK_INDEX:0x5', 'Merge Bank6-Punit signaled an MCA to Ubox; Check mc_status of MCA BANKID:6 and  MCA BANK_INDEX:0xa', 'Merge Bank5-UPI signaled an MCA to Ubox; Check mc_status of MCA BANKID:5 and  MCA BANK_INDEX:0x4', 'Merge Bank6-Punit signaled an MCA to Ubox; Check mc_status of MCA BANKID:6 and  MCA BANK_INDEX:0xb']"
81cfc876,https://nga.laas.intel.com/#/nga_fv_gnr/failureManagement/failures/81cfc876-a061-4c0c-a23c-528d97534d74,ba05wvaw0134,Test,b0e0c7e4-4914-36f4-6d5d-dcbe75c9d5d9,Virtualization,81cfc876-a061-4c0c-a23c-528d97534d74,18039294837.0,https://axonsv.app.intel.com/apps/record-viewer/b0e0c7e4-4914-36f4-6d5d-dcbe75c9d5d9,"['HW', 'HW.MCE', 'HW.MCE.PUNIT', 'HW.MCE.PCU', 'HW.ERR', 'HW.CORR', 'HW.MCE.MLC']",,,['Merge Bank6-Punit signaled an MCA to Ubox; Check mc_status of MCA BANKID:6 and  MCA BANK_INDEX:0x0']
da9f4998,https://nga.laas.intel.com/#/nga_fv_gnr/failureManagement/failures/da9f4998-7c97-4f3c-b2f4-5ad038c4372f,jf04wvaw5139,Test,3a4a3f5d-ab4f-2ee0-d694-d3e6b59e8bd3,Concurrency,da9f4998-7c97-4f3c-b2f4-5ad038c4372f,16024217944.0,https://axonsv.app.intel.com/apps/record-viewer/3a4a3f5d-ab4f-2ee0-d694-d3e6b59e8bd3,"['HW.CORR', 'HW.MCE.PCU', 'HW.MCE.MLC', 'HW.MCE.PUNIT', 'HW', 'HW.ERR', 'HW.MCE']",,,['Merge Bank6-Punit signaled an MCA to Ubox; Check mc_status of MCA BANKID:6 and  MCA BANK_INDEX:0x0']
cb2a2ea1,https://nga.laas.intel.com/#/nga_fv_gnr/failureManagement/failures/cb2a2ea1-eca5-4735-aa81-012258c13293,ba05wvaw0129,Test,d7af96f4-badc-4f2b-bcaa-0b2223bb2edc,Mesh,cb2a2ea1-eca5-4735-aa81-012258c13293,,https://axonsv.app.intel.com/apps/record-viewer/d7af96f4-badc-4f2b-bcaa-0b2223bb2edc,"['HW', 'HW.MCE', 'HW.MCE.PCU', 'HW.MCE.PUNIT', 'HW.ERR', 'HW.CORR', 'HW.CFG.ERR', 'HW.MCE.UPI', 'HW.MCE.MLC']",,,"['Merge Bank5-UPI signaled an MCA to Ubox; Check mc_status of MCA BANKID:5 and  MCA BANK_INDEX:0x1', 'Merge Bank5-UPI signaled an MCA to Ubox; Check mc_status of MCA BANKID:5 and  MCA BANK_INDEX:0x1', 'Merge Bank6-Punit signaled an MCA to Ubox; Check mc_status of MCA BANKID:6 and  MCA BANK_INDEX:0xa']"
2858b5c8,https://nga.laas.intel.com/#/nga_fv_gnr/failureManagement/failures/2858b5c8-6999-4d55-96ff-a784a1a830ff,ba05wvaw0091,Test,54ada638-3c58-42a8-bc53-13616250dee0,Memory,2858b5c8-6999-4d55-96ff-a784a1a830ff,14022967820.0,https://axonsv.app.intel.com/apps/record-viewer/54ada638-3c58-42a8-bc53-13616250dee0,"['HW', 'HW.MCE', 'HW.ERR', 'HW.CORR', 'HW.MCE.PCU', 'HW.MCE.PUNIT']",,,['Merge Bank6-Punit signaled an MCA to Ubox; Check mc_status of MCA BANKID:6 and  MCA BANK_INDEX:0xa']
d271335c,https://nga.laas.intel.com/#/nga_fv_gnr/failureManagement/failures/d271335c-8350-43db-bd52-a0b00562660b,ba05wvaw0118,PostTest,69f92ab9-ba55-59cb-97f2-02d408466c2a,Memory,d271335c-8350-43db-bd52-a0b00562660b,,https://axonsv.app.intel.com/apps/record-viewer/69f92ab9-ba55-59cb-97f2-02d408466c2a,"['HW.ERR', 'HW.MCE.MLC', 'HW', 'HW.MCE.PCU', 'HW.MCE.PUNIT', 'HW.MCE', 'HW.CORR']",,,['Merge Bank6-Punit signaled an MCA to Ubox; Check mc_status of MCA BANKID:6 and  MCA BANK_INDEX:0x0']
22e402df,https://nga.laas.intel.com/#/nga_fv_gnr/failureManagement/failures/22e402df-ffff-47c4-a47b-d89691df84a1,ba05wvaw0074,Test,e1f14678-62b8-458c-9264-3b011dfba920,Concurrency,22e402df-ffff-47c4-a47b-d89691df84a1,,https://axonsv.app.intel.com/apps/record-viewer/e1f14678-62b8-458c-9264-3b011dfba920,"['HW', 'HW.MCE', 'HW.ERR', 'HW.CORR', 'HW.MCE.CHA', 'HW.MCE.MLC']",,,"['Merge Bank7-CHA0 signaled an MCA to Ubox; Check mc_status of MCA BANKID:7 and  MCA BANK_INDEX:0x1f', 'Merge Bank7-CHA0 signaled an MCA to Ubox; Check mc_status of MCA BANKID:7 and  MCA BANK_INDEX:0x17', 'LOCK Hard Hang, did not return to idle in 1s']"
8ef51e10,https://nga.laas.intel.com/#/nga_fv_gnr/failureManagement/failures/8ef51e10-4df2-45bd-bc7e-94c9f49cabf4,ba05wvaw0129,Test,3051a823-f8d1-4b78-808d-ca8f8eb03c83,Mesh,8ef51e10-4df2-45bd-bc7e-94c9f49cabf4,,https://axonsv.app.intel.com/apps/record-viewer/3051a823-f8d1-4b78-808d-ca8f8eb03c83,"['HW.ERR', 'HW.MCE.UPI', 'HW.CFG.ERR', 'HW.MCE.MLC', 'HW', 'HW.MCE.PCU', 'HW.KNOWN_ISSUE', 'HW.MCE.PUNIT', 'HW.MCE.CHA', 'HW.MCE', 'HW.CORR']",,,"['Merge Bank5-UPI signaled an MCA to Ubox; Check mc_status of MCA BANKID:5 and  MCA BANK_INDEX:0x1', 'Merge Bank6-Punit signaled an MCA to Ubox; Check mc_status of MCA BANKID:6 and  MCA BANK_INDEX:0x9', 'Merge Bank5-UPI signaled an MCA to Ubox; Check mc_status of MCA BANKID:5 and  MCA BANK_INDEX:0x1', 'Merge Bank7-CHA0 signaled an MCA to Ubox; Check mc_status of MCA BANKID:7 and  MCA BANK_INDEX:0x1f']"
09d134e4,https://nga.laas.intel.com/#/nga_fv_gnr/failureManagement/failures/09d134e4-a23c-4f7f-8f63-ad1787cf8c29,ba05wvaw0114,Test,324791fc-a259-4ca5-ac64-531d0791aac1,IFWI_GNR_AP_DF_B0,09d134e4-a23c-4f7f-8f63-ad1787cf8c29,,https://axonsv.app.intel.com/apps/record-viewer/324791fc-a259-4ca5-ac64-531d0791aac1,"['HW.ERR', 'HW.MCE.UBOX', 'HW', 'HW.MCE.IIO', 'HW.MCE.DCU', 'HW.MCE', 'HW.CORR']",,,"['mscod: MCE when MCIP bit is set-Error signaled by the core and logged in Ubox. Check the core for more details.', 'mscod: MCE when MCIP bit is set-Error signaled by the core and logged in Ubox. Check the core for more details.']"
acdd9a37,https://nga.laas.intel.com/#/nga_fv_gnr/failureManagement/failures/acdd9a37-1ce7-48cc-8d8b-756eae94584d,ba05wvaw0147,Test,686b43cc-926e-0aee-0615-c86c381b940d,Security,acdd9a37-1ce7-48cc-8d8b-756eae94584d,,https://axonsv.app.intel.com/apps/record-viewer/686b43cc-926e-0aee-0615-c86c381b940d,"['HW.ERR', 'HW.MCE.MLC', 'HW', 'HW.MCE.PCU', 'HW.MCE.PUNIT', 'HW.MCE', 'HW.CORR']",,,['Merge Bank6-Punit signaled an MCA to Ubox; Check mc_status of MCA BANKID:6 and  MCA BANK_INDEX:0x0']
83811636,https://nga.laas.intel.com/#/nga_fv_gnr/failureManagement/failures/83811636-61fb-47b7-86b3-310f0d0939cc,ba05wvaw0163,Test,461c370a-e6dd-87b1-3e36-3fcd8ad618ea,Security,83811636-61fb-47b7-86b3-310f0d0939cc,,https://axonsv.app.intel.com/apps/record-viewer/461c370a-e6dd-87b1-3e36-3fcd8ad618ea,"['HW.MCE.MLC', 'HW.MCE.PCU', 'HW.MCE', 'HW.ERR', 'HW.CORR', 'HW.CFG.ERR', 'HW.MCE.PUNIT', 'HW']",,,['Merge Bank6-Punit signaled an MCA to Ubox; Check mc_status of MCA BANKID:6 and  MCA BANK_INDEX:0x0']
d9a30c3d,https://nga.laas.intel.com/#/nga_fv_gnr/failureManagement/failures/d9a30c3d-f7dd-4b00-8987-977010f2b7b3,ba05wvaw0134,Test,884a59d3-89a0-ff45-d556-58d09482216e,Security,d9a30c3d-f7dd-4b00-8987-977010f2b7b3,,https://axonsv.app.intel.com/apps/record-viewer/884a59d3-89a0-ff45-d556-58d09482216e,"['HW.MCE.MLC', 'HW.MCE.PCU', 'HW.MCE', 'HW.ERR', 'HW.CORR', 'HW.MCE.PUNIT', 'HW']",,,['Merge Bank6-Punit signaled an MCA to Ubox; Check mc_status of MCA BANKID:6 and  MCA BANK_INDEX:0x0']
b35c17ab,https://nga.laas.intel.com/#/nga_fv_gnr/failureManagement/failures/b35c17ab-5c13-4273-9552-d317e1623b5d,jf04wvaw5307,Test,266a3895-ca97-ec1f-2f91-d16b8759aed7,Security,b35c17ab-5c13-4273-9552-d317e1623b5d,,https://axonsv.app.intel.com/apps/record-viewer/266a3895-ca97-ec1f-2f91-d16b8759aed7,"['HW.MCE.DTLB', 'HW.MCE', 'HW.MCE.UBOX', 'HW.ERR', 'HW.CORR', 'HW.CFG.ERR', 'HW.MCE.IIO', 'HW']",,,"['mscod: MCE when MCIP bit is set-Error signaled by the core and logged in Ubox. Check the core for more details.', 'mscod: MCE when MCIP bit is set-Error signaled by the core and logged in Ubox. Check the core for more details.']"
39991a12,https://nga.laas.intel.com/#/nga_fv_gnr/failureManagement/failures/39991a12-bac0-4d92-8893-08702289af69,jf04wvaw5139,PostTest,ab720d4e-5e32-f940-73cd-de2153bcade4,CXL,39991a12-bac0-4d92-8893-08702289af69,14022944471.0,https://axonsv.app.intel.com/apps/record-viewer/ab720d4e-5e32-f940-73cd-de2153bcade4,"['HW.MCE.PUNIT', 'HW.MCE', 'HW.MCE.MLC', 'HW', 'HW.ERR', 'HW.MCE.PCU', 'HW.CORR']",,,['Merge Bank6-Punit signaled an MCA to Ubox; Check mc_status of MCA BANKID:6 and  MCA BANK_INDEX:0x0']
b9a8653c,https://nga.laas.intel.com/#/nga_fv_gnr/failureManagement/failures/b9a8653c-3868-4d67-9d70-0ab1d08ae12f,ba05wvaw0134,Test,842db10e-27d4-07cf-8805-1edb52517d53,Reset,b9a8653c-3868-4d67-9d70-0ab1d08ae12f,16023853624.0,https://axonsv.app.intel.com/apps/record-viewer/842db10e-27d4-07cf-8805-1edb52517d53,"['HW.MCE.PUNIT', 'HW.MCE', 'HW.MCE.MLC', 'HW', 'HW.ERR', 'HW.MCE.PCU', 'HW.CORR']",,,['Merge Bank6-Punit signaled an MCA to Ubox; Check mc_status of MCA BANKID:6 and  MCA BANK_INDEX:0x0']
42bf3798,https://nga.laas.intel.com/#/nga_fv_gnr/failureManagement/failures/42bf3798-9030-4b43-8633-460e7c47b5bc,ba05wvaw0087,Test,2de8bbe8-ebe9-1be4-72b1-0a4c57530c08,Reset,42bf3798-9030-4b43-8633-460e7c47b5bc,,https://axonsv.app.intel.com/apps/record-viewer/2de8bbe8-ebe9-1be4-72b1-0a4c57530c08,"['HW.ERR', 'HW.MCE.MLC', 'HW', 'HW.MCE.PCU', 'HW.MCE.PUNIT', 'HW.MCE', 'HW.CORR']",,,['Merge Bank6-Punit signaled an MCA to Ubox; Check mc_status of MCA BANKID:6 and  MCA BANK_INDEX:0x0']
2f2440dd,https://nga.laas.intel.com/#/nga_fv_gnrd/failureManagement/failures/2f2440dd-201c-420d-98ab-37ed311e0101,ba05wvaw0208,PreTest,8bd8c7c2-2b60-d38a-84ec-4963baadc176,DefaultFlowBasicTest,2f2440dd-201c-420d-98ab-37ed311e0101,,https://axonsv.app.intel.com/apps/record-viewer/8bd8c7c2-2b60-d38a-84ec-4963baadc176,"['HW.ERR', 'HW.CORR', 'HW.MCE.CHA', 'HW.MCE', 'HW.CFG.ERR', 'HW.MCE.IIO', 'HW']",,,"['mscod: MCE when MCIP bit is set-Error signaled by the core and logged in Ubox. Check the core for more details.', 'Merge Bank7-CHA0 signaled an MCA to Ubox; Check mc_status of MCA BANKID:7 and  MCA BANK_INDEX:0xd']"
398931b5,https://nga.laas.intel.com/#/nga_fv_gnrd/failureManagement/failures/398931b5-c9b1-47dd-8317-46e1fe7bb1a0,ba05wvaw0232,PostTest,385f454c-5ca6-f5c2-7a28-929ebbcf0eba,CI_GNR_D_DF,398931b5-c9b1-47dd-8317-46e1fe7bb1a0,,https://axonsv.app.intel.com/apps/record-viewer/385f454c-5ca6-f5c2-7a28-929ebbcf0eba,"['HW', 'HW.CORR', 'HW.MCE', 'HW.MCE.IIO', 'HW.CFG.ERR', 'HW.ERR']",,,['mscod: MCE when MCIP bit is set-Error signaled by the core and logged in Ubox. Check the core for more details.']
5c7bd965,https://nga.laas.intel.com/#/nga_fv_gnrd/failureManagement/failures/5c7bd965-2959-4c4c-bdf6-aeff44405875,ba05wvaw0249,PreTest,9b459130-74d3-d41a-1b57-1d4e9ef97f3d,Memory,5c7bd965-2959-4c4c-bdf6-aeff44405875,,https://axonsv.app.intel.com/apps/record-viewer/9b459130-74d3-d41a-1b57-1d4e9ef97f3d,"['HW', 'HW.ERR', 'HW.CORR', 'HW.CFG.ERR', 'HW.MCE', 'HW.MCE.PCU']",,,['Merge Bank6-Punit signaled an MCA to Ubox; Check mc_status of MCA BANKID:6 and  MCA BANK_INDEX:0x9']
02a00930,https://nga.laas.intel.com/#/nga_fv_gnrd/failureManagement/failures/02a00930-48c2-472b-9e3f-5819d09d8bf2,ba05wvaw0232,PostTest,47837f62-4e30-7781-86a0-5cab0f4a9649,DefaultFlowBasicTest,02a00930-48c2-472b-9e3f-5819d09d8bf2,,https://axonsv.app.intel.com/apps/record-viewer/47837f62-4e30-7781-86a0-5cab0f4a9649,"['HW.CORR', 'HW.CFG.ERR', 'HW.MCE.IIO', 'HW', 'HW.MCE', 'HW.ERR']",,,['mscod: MCE when MCIP bit is set-Error signaled by the core and logged in Ubox. Check the core for more details.']
0d929ab4,https://nga.laas.intel.com/#/nga_fv_gnrd/failureManagement/failures/0d929ab4-1d6c-44af-bfdf-ed40cf5ab0fd,ba05wvaw0232,PostTest,4c71c5ba-2242-5204-4b15-490ee874f172,DefaultFlowBasicTest,0d929ab4-1d6c-44af-bfdf-ed40cf5ab0fd,,https://axonsv.app.intel.com/apps/record-viewer/4c71c5ba-2242-5204-4b15-490ee874f172,"['HW.MCE', 'HW.CORR', 'HW.CFG.ERR', 'HW.ERR', 'HW', 'HW.MCE.IIO']",,,['mscod: MCE when MCIP bit is set-Error signaled by the core and logged in Ubox. Check the core for more details.']
49c23b91,https://nga.laas.intel.com/#/nga_fv_gnrd/failureManagement/failures/49c23b91-35c1-4319-b0c9-84b2227bb125,ba05wvaw0232,PostTest,1c2bb1fb-9eda-cd13-0c49-609c692b5379,DefaultFlowBasicTest,49c23b91-35c1-4319-b0c9-84b2227bb125,,https://axonsv.app.intel.com/apps/record-viewer/1c2bb1fb-9eda-cd13-0c49-609c692b5379,"['HW.MCE', 'HW.CORR', 'HW.CFG.ERR', 'HW.ERR', 'HW', 'HW.MCE.IIO']",,,['mscod: MCE when MCIP bit is set-Error signaled by the core and logged in Ubox. Check the core for more details.']
a7d33fc3,https://nga.laas.intel.com/#/nga_fv_gnrd/failureManagement/failures/a7d33fc3-b09a-4f33-9cd9-51795c7a9cb8,ba05wvaw0241,PostTest,79c2a123-8e87-0d95-1f5b-4b78efd323bc,DefaultFlowBasicTest,a7d33fc3-b09a-4f33-9cd9-51795c7a9cb8,,https://axonsv.app.intel.com/apps/record-viewer/79c2a123-8e87-0d95-1f5b-4b78efd323bc,"['HW.CORR', 'HW.CFG.ERR', 'HW.MCE.IIO', 'HW', 'HW.MCE', 'HW.ERR']",,,['mscod: MCE when MCIP bit is set-Error signaled by the core and logged in Ubox. Check the core for more details.']
57dc99af,https://nga.laas.intel.com/#/nga_fv_gnrd/failureManagement/failures/57dc99af-3ab1-46d3-9112-f3f7cd59110e,ba05wvaw0274,PostTest,b49aad36-46ee-dab1-c186-fbbec02c0115,SVOS_CR_GNRD,57dc99af-3ab1-46d3-9112-f3f7cd59110e,,https://axonsv.app.intel.com/apps/record-viewer/b49aad36-46ee-dab1-c186-fbbec02c0115,"['HW', 'HW.CFG.ERR', 'HW.CORR', 'HW.ERR', 'HW.MCE', 'HW.MCE.IIO']",,,['mscod: MCE when MCIP bit is set-Error signaled by the core and logged in Ubox. Check the core for more details.']
4a85d91c,https://nga.laas.intel.com/#/nga_fv_gnrd/failureManagement/failures/4a85d91c-2c7b-4100-84b9-e31c5a1ca791,ba05wvaw0292,PostTest,b1c2943e-3960-6bb1-c650-5c0071101a47,SVOS_CR_GNRD,4a85d91c-2c7b-4100-84b9-e31c5a1ca791,,https://axonsv.app.intel.com/apps/record-viewer/b1c2943e-3960-6bb1-c650-5c0071101a47,"['HW', 'HW.CFG.ERR', 'HW.CORR', 'HW.ERR', 'HW.MCE', 'HW.MCE.IIO']",,,['mscod: MCE when MCIP bit is set-Error signaled by the core and logged in Ubox. Check the core for more details.']
a847e759,https://nga.laas.intel.com/#/nga_fv_gnrd/failureManagement/failures/a847e759-ebf6-442f-be92-db64f1ee2e95,ba05wvaw0292,PostTest,dc615a82-db58-7d71-3cae-c886e4ab3be2,SVOS_CR_GNRD,a847e759-ebf6-442f-be92-db64f1ee2e95,,https://axonsv.app.intel.com/apps/record-viewer/dc615a82-db58-7d71-3cae-c886e4ab3be2,"['HW', 'HW.ERR', 'HW.MCE.IIO', 'HW.MCE', 'HW.CFG.ERR', 'HW.CORR']",,,['mscod: MCE when MCIP bit is set-Error signaled by the core and logged in Ubox. Check the core for more details.']
